{
  "RECORDS": [
    {
      "_id": "607e7c66b0370000f100444d",
      "administrator": "易烊",
      "Content": "服务态度不好",
      "orderID": "10001",
      "ServerName": "王五",
      "service": "水电维修",
      "Time": "2021/12/21",
      "UesrName": "张三"
    },
    {
      "_id": "607e7c66b0370000f100444e",
      "administrator": "王一",
      "Content": "教课不认真",
      "orderID": "10002",
      "ServerName": "沈六",
      "service": "家教",
      "Time": "2021/12/22",
      "UesrName": "张三"
    },
    {
      "_id": "607e7c66b0370000f100444f",
      "administrator": "易烊",
      "Content": "打骂孩子",
      "orderID": "10003",
      "ServerName": "小小",
      "service": "家教",
      "Time": "2021/12/23",
      "UesrName": "张三"
    }
  ]
}