{
  "RECORDS": [
    {
      "_id": "608782858e250000a60027e0",
      "complainNumber": "100",
      "dealedOrder": "1999",
      "serveLocation": "[ { \"localID\" : 10001, \"location\" : \"幸福小区社区服务站\", \"Number\" : 200, \"administrator\" : [ { \"adName\" : \"易烊\", \"adId\" : 110001, \"password\" : 12333, \"department\" : \"财政部\", \"postion\" : \"部长\" }, { \"adName\" : \"网元\", \"adId\" : 110001, \"password\" : 12333, \"department\" : \"后勤部\", \"postion\" : \"职员\" }, { \"adName\" : \"王一\", \"adId\" : 110003, \"password\" : 12333, \"department\" : \"管理部\", \"postion\" : \"职员\" } ], \"server\" : 180 } ]",
      "service": "[ { \"serviceID\" : 1, \"style\" : \"水电维修\", \"Number\" : 120, \"onlineNumber\" : 40 }, { \"serviceID\" : 2, \"style\" : \"家政\", \"Number\" : 200, \"onlineNumber\" : 50 }, { \"serviceID\" : 3, \"style\" : \"配送\", \"Number\" : 220, \"onlineNumber\" : 100 }, { \"serviceID\" : 4, \"style\" : \"老人陪护\", \"Number\" : 90, \"onlineNumber\" : 30 }, { \"serviceID\" : 5, \"style\" : \"社区医疗\", \"Number\" : 125, \"onlineNumber\" : 40 } ]"
    },
    {
      "_id": "608782858e250000a60027e1",
      "complainNumber": "100",
      "dealedOrder": "1999",
      "serveLocation": "[ { \"localID\" : 10002, \"location\" : \"宝贝小区社区服务站\", \"Number\" : 100, \"administrator\" : [ { \"adName\" : \"易烊\", \"adId\" : 110001, \"password\" : 12333, \"department\" : \"财政部\", \"postion\" : \"部长\" }, { \"adName\" : \"网元\", \"adId\" : 110001, \"password\" : 12333, \"department\" : \"后勤部\", \"postion\" : \"职员\" }, { \"adName\" : \"王一\", \"adId\" : 110003, \"password\" : 12333, \"department\" : \"管理部\", \"postion\" : \"职员\" } ], \"server\" : 80 } ]",
      "service": "[ { \"serviceID\" : 1, \"style\" : \"水电维修\", \"Number\" : 120, \"onlineNumber\" : 40 }, { \"serviceID\" : 2, \"style\" : \"家政\", \"Number\" : 200, \"onlineNumber\" : 50 }, { \"serviceID\" : 3, \"style\" : \"配送\", \"Number\" : 220, \"onlineNumber\" : 100 } ]"
    }
  ]
}