{
  "RECORDS": [
    {
      "_id": "607e2f8cb0370000f1004434",
      "id": "10001",
      "password": "11111",
      "serverName": "王五",
      "Style": "水电维修",
      "TelephoneNumber": "123345"
    },
    {
      "_id": "607e2f8cb0370000f1004435",
      "id": "10002",
      "password": "11111",
      "serverName": "张章",
      "Style": "家教",
      "TelephoneNumber": "123345"
    },
    {
      "_id": "607e2f8cb0370000f1004436",
      "id": "10003",
      "password": "11111",
      "serverName": "沈六",
      "Style": "配送",
      "TelephoneNumber": "123345"
    }
  ]
}