{
  "RECORDS": [
    {
      "_id": "6087776c8e250000a60027dd",
      "Address": "幸福小区101",
      "order": "[ { \"orderID\" : 10001, \"serverID\" : 10001, \"service\" : \"水电维修\", \"Price\" : \"100元\", \"Content\" : \"师傅服务热情\", \"serveLocation\" : \"幸福小区社区服务站\", \"Time\" : \"2021/2/20\" }, { \"orderID\" : 10002, \"serverID\" : 10003, \"service\" : \"家教\", \"Price\" : \"200元\", \"Content\" : \"师傅服务热情\", \"serveLocation\" : \"幸福小区社区服务站\", \"Time\" : \"2021/3/20\" } ]",
      "passward": "123456",
      "Sex": "男",
      "TelephoneNummber": "1234",
      "Username": "张三"
    }
  ]
}